Opening Spaces: An Anthology of Contemporary African Women's Writing,Yvonne Vera,1,September 1999
The Caine Prize for African Writing 2010: 11th Annual Collection,The Caine Prize for African Writing,2,August 2010
African Folktales,Roger D. Abrahams,3,August 1983
Unchained Voices: An Anthology of Black Authors in the English-Speaking World of the Eighteenth Century,Vincent Carretta,4,December 2003
Women Writing Africa: West Africa and the Sahel,Esi Sutherland-Addy,5,August 2005
"10 Years of the Caine Prize for African Writing: Plus Coetzee, Gordimer, Achebe, Okri",The Caine The Caine Prize for African Writing,6,September 2009
Introduction to African Oral Literature and Performance,Bayo Ogunjimi,7,February 2006
Violence in Francophone African and Caribbean Women's Literature,Marie-Chantal Kalisa,8,December 2009
Oral Epics from Africa,John William Johnson,9,March 2008
African Fundamentalism: A Literary and Cultural Anthology of Garvey's Harlem Renaissance,Tony Martin,10,October 1991
Land Apart: A South African Reader,Various,11,June 1987
Women Writing Africa: The Eastern Region,Amandina Lihamba,12,February 2007
Nobody Ever Said AIDS: Poems and Stories from Southern Africa,Nobantu Rasebotsa,13,March 2010
Step into a World: A Global Anthology of the New Black Literature,Kevin Powell,14,October 2000
An Anthology of Interracial Literature: Black-White Contacts in the Old World and the New,Werner Sollors,15,February 2004
The Caine Prize 2009: The Caine Prize for African Writing 10th Annual Collection,New Internationalist,16,July 2009
"Traditions in World Literature: Literature of Africa, Softcover Student Edition",McGraw-Hill,17,January 1999
Love Child,Gcina Mhlophe,18,March 2002
Seventh Street Alchemy 2004: A Selection of Works from the Caine Prize for African Writing,Jacana Media,19,June 2006
Women Writing Africa: The Southern Region: Volume 1,Sheila Meintjes,20,December 2002
Of Suffocated Hearts and Tortured Souls: Seeking Subjecthood through Madness in Francophone Women's,ValZrie Orlando,21,December 2002
Less Than One and Double: A Feminist Reading of African Women's Writing,Kenneth W. Harrow,22,November 2001
The Rienner Anthology of African Literature,Anthonia C. Kalu,23,April 2007
Oral and Written Expressions of African Cultures,Toyin Falola,24,March 2009
Jambula Tree and other stories: The Caine Prize for African Writing 8th Annual Collection,Monica Arac de Nyeko,25,July 2008
Up the Down Escalator,Linda Rode,26,March 2010
Basali!: Stories by and about Women in Lesotho,K. Limakatso Kendall,27,February 1995
How God Fix Jonah,Lorenz Graham,28,October 2000
Glass Jars among Trees,Arja Salafranca,29,April 2005
Running Towards Us: New Writing from South Africa,Isabel Balseiro,30,May 2000
Of Suffocated Hearts And Tortured Souls,Valerie Key Orlando,31,December 2002
An Anthology of Interracial Literature: Black-White Contacts in the Old World and the New,Werner Sollors,32,February 2004
Among the Blacks,Ron Padgett,33,October 1988
The Daily Show with Jon Stewart Presents Earth (the Book): A Visitor's Guide to the Human Race,Jon Stewart,34,September 2010
The Best American Nonrequired Reading 2010,Dave Eggers,35,October 2010
The Daily Show with Jon Stewart Presents Earth (the Book): A Visitor's Guide to the Human Race,Jon Stewart,36,October 2010
100 Best-Loved Poems,Philip Smith,37,May 1995
"The Norton Anthology of American Literature, Shorter Seventh Edition, One-Volume Paperback",Wayne Franklin,38,July 2007
The Best American Poetry 2009,David Wagoner,39,September 2009
The Oxford Book of American Short Stories,Joyce Carol Oates,40,September 1994
The Best American Essays 2009,Mary Oliver,41,October 2009
"The Norton Anthology of American Literature, Package 2: Volumes C, D, and E",Jerome Klinkowitz,42,April 2007
Early African American Classics (Barnes &amp; Noble Classics Series),Barnes &amp; Noble,43,October 2008
"African-American Poetry: An Anthology, 1773-1930",Joan R. Sherman,44,July 1997
Couldn't Keep It to Myself: Testimonies from Our Imprisoned Sisters,Wally Lamb,45,February 2004
"The Norton Anthology of Poetry, Shorter 5th Edition",Margaret Ferguson,46,December 2004
The Best American Poetry 2010,Amy Gerstler,47,September 2010
"Classic Slave Narratives: The Life of Olaudah Equiano, The History of Mary Prince, Narrative of the Life of Frederick Douglass, Incidents in the Life of a Slave Girl",Henry Louis Gates Jr.,48,January 2002
The Best American Nonrequired Reading 2009,Dave Eggers,49,October 2009
In Fact: The Best of Creative Nonfiction,Lee Gutkind,50,November 2004
The Best American Essays of the Century,Joyce Carol Oates,51,October 2001
The Best Loved Poems of the American People,Hazel Felleman,52,October 1936
The Norton Anthology of American Literature: Volume A: Beginnings to 1820,Wayne Franklin,53,April 2007
The Norton Anthology of Poetry,Margaret Ferguson,54,December 2004
"The Norton Anthology of African American Literature, Vol. 2",Henry Louis Gates Jr.,55,December 2003
"Poems, Poets, Poetry: An Introduction and Anthology",Helen Vendler,56,October 2009
The Poets Laureate Anthology,Elizabeth Hun Schmidt,57,October 2010
The Portable Beat Reader,Various,58,July 2003
The Best American Short Plays 2008-2009,Barbara Parisi,59,October 2010
The Gift of Love,Lori Foster,60,June 2010
One Hundred and One Famous Poems (Barnes &amp; Noble Library of Essential Reading),Roy J. Cook,61,February 2009
The Vintage Book of Contemporary American Poetry,J. D. McClatchy,62,April 2003
Literature: A Pocket Anthology,R. S. Gwynn,63,January 2009
I'll Fly Away: Further Testimonies from the Women of York Prison,Wally Lamb,64,October 2008
American Earth: Environmental Writing Since Thoreau,Bill McKibben,65,April 2008
Best Poems of the English Language: From Chaucer Through Robert Frost,Harold Bloom,66,August 2007
Humor Me: An Anthology of Funny Contemporary Writing (Plus Some Great Old Stuff Too),Ian Frazier,67,May 2010
Coming of Age in America: A Multicultural Anthology,Mary Frosch,68,September 2007
"Three African-American Classics: Up from Slavery, The Souls of Black Folk and Narrative of the Life of Frederick Douglass",Booker T. Washington,69,February 2007
100 Best African American Poems with CD,Nikki Giovanni,70,November 2010
Six American Poets: An Anthology,Joel Conarroe,71,December 1993
Norton Anthology of Literature by Women: The Traditions in English,Sandra M. Gilbert,72,February 2007
Multicultural Children's Literature: Through the Eyes of Many Children,Donna E. Norton,73,March 2008
The Voice That Is Great within Us: American Poetry of the Twentieth Century,Hayden Carruth,74,September 1983
Poems That Touch the Heart,A.L. Alexander,75,October 1984
I Thought My Father Was God: And Other True Tales from NPR's National Story Project,Paul Auster,76,September 2002
Listening For God Rdr Vol 4,Paula J. Carlson,77,January 2003
The American Tradition in Literature (concise) book alone,George Perkins,78,November 2008
"Approaching Literature: Writing, Reading, Thinking",Peter Schakel,79,December 2007
The Norton Anthology of American Literature: Volume C: 1865-1914,Arnold Krupat,80,April 2007
American Fantastic Tales Boxed Set,Peter Straub,81,October 2009
Unsettling America: An Anthology of Contemporary Multicultural Poetry,Maria Mazziotti Gillan,82,November 1994
"Listening For God Reader, Vol 1",Paula J. Carlson,83,August 1994
Concise Anthology of American Literature,James Leonard,84,January 2010
"The Heath Anthology of American Literature: Contemporary Period (1945 To The Present), Volume E",Paul Lauter,85,March 2009
The Portable Harlem Renaissance Reader,David Lewis,86,June 1995
American Short Stories,Bert Hitchcock,87,October 2007
Great Love Poems,Shane Weller,88,October 1992
"The Harper American Literature, Single Volume Edition",Donald McQuade,89,December 1998
The Latino Reader: An American Literary Tradition from 1542 to the Present,Margarite Fernandez Olmos,90,March 1997
Black Nature,Camille T. Dungy,91,December 2009
Anthology of American Literature Volume II,George McMichael,92,January 2007
Best Remembered Poems,Martin Gardner,93,December 1992
Nine Plays of the Modern Theater: Waiting for Godot; The Visit; Tango; The Caucasian Chalk Circle; The Balcony; Rhinoceros; American Buffalo; The Birthday Party; Rosencrantz and Guildenstern are Dead,Harold Clurman,94,January 1994
"The Norton Anthology of Literature by Women: The Traditions in English, Vol. 2",Sandra M. Gilbert,95,February 2007
Writing New York: A Literary Anthology,Phillip Lopate,96,January 2008
The Best American Essays 2009,Mary Oliver,97,October 2009
The Hudson River Valley Reader,Edward C. Goodman,98,March 2009
The Best American Poetry 2009,David Wagoner,99,September 2009
Sudden Fiction Latino: Short-Short Stories from the United States and Latin America,Robert Shapard,100,March 2010
I Am the Darker Brother: An Anthology of Modern Poems by African Americans,Arnold Adoff,101,January 1997
Classic American Autobiographies,William L. Andrews,102,November 2003
Mental Floss: Scatterbrained,Editors Of Mental Floss,103,July 2006
The Portable Sixties Reader,Ann Charters,104,December 2002
Modern American Memoirs,Annie Dillard,105,October 1996
Best American Spiritual Writing 2007,Philip Zaleski,106,October 2007
The Norton Anthology of American Literature: Volume D: 1914-1945,Jerome Klinkowitz,107,April 2007
Making Literature Matter: An Anthology for Readers and Writers,John Schilb,108,August 2008
"Luis Valdez - Early Works: Actos, Bernabe and Pensamiento Serpentino",Luis Valdez,109,January 1990
In Our Own Words: Student Writers at Work,Rebecca Mlynarczyk,110,April 2005
Touch,Toni Press-Coffman,111,November 2005
"The American Tradition in Literature, Volume 1(book alone)",George Perkins,112,October 2008
The Four Seasons: Poems,J. D. McClatchy,113,June 2008
The American Stage: Writing on Theater from Washington Irving to Tony Kushner,Lawrence Senelick,114,April 2010
Bum Rush the Page: A Def Poetry Jam,Tony Medina,115,October 2001
The Outlaw Bible of American Literature,Alan Kaufmann,116,December 2004
Mother California: A Story of Redemption Behind Bars,Kenneth E. Hartman,117,September 2010
The Best American Short Stories 2003,Walter Mosley,118,October 2003
Spider Woman's Granddaughters: Traditional Tales and Contemporary Writing by Native American Women,Paula Gunn Allen,119,May 1990
Transforming a Rape Culture,Emilie Buchwald,120,August 2004
American Food Writing: An Anthology with Classic Recipes,Molly O'Neill,121,January 2009
Baseball: A Literary Anthology,Nicholas Dawidoff,122,February 2002
Loving in the War Years: Lo que nunca paso por sus labios,Cherrie Moraga,123,September 2000
Don't Squat With Your Spurs On: A Cowboy's Guide to Life,Texas Bix Bender,124,October 2009
Listening For God Reader Volume 3,Paula J. Carlson,125,February 2000
Fierce Pajamas: An Anthology of Humor Writing from the New Yorker,David Remnick,126,October 2002
The Top 500 Poems,William Harmon,127,January 1992
True Crime: An American Anthology,Harold Schechter,128,September 2008
"I Am Not My Breast Cancer: Women Talk Openly about Love and Sex, Hair Loss and Weight Gain, Mothers and Daughters, and Being a Woman with Breast Cancer",Ruth Peltason,129,September 2008
African American Literature (Penguin Academics Series),Keith Gilyard,130,January 2004
"Anthology of American Literature, Volume I",George McMichael,131,July 2010
"The Heath Anthology of American Literature: Modern Period (1910?1945), Volume D",Kirk Curnutt,132,February 2009
Poems of New York,Elizabeth Schmidt,133,August 2002
American Dreams,Sapphire,134,June 1996
"Black Theatre USA, V2: Plays by African Americans 1935-Today, Vol. 2",Ted Shine,135,February 1996
The Signet Classic Book of American Short Stories,Burton Raffel,136,November 2004
The American Transcendentalists: Essential Writings,Lawrence Buell,137,January 2006
Finding Freedom: Writings from Death Row,Jarvis Jay Masters,138,September 1997
The Best American Short Stories 2004,Lorrie Moore,139,October 2004
New York Stories: The Best of the City Section of the New York Times,Constance Rosenblum,140,May 2005
Black Voices: An Anthology of African-American Literature,Various,141,April 2001
Bordering Fires: The Vintage Book of Contemporary Mexican and Chicano/a Literature,Cristina Garcia,142,October 2006
The Best American Short Plays 2007-2008,Barbara Parisi,143,August 2009
Postmodern American Fiction: A Norton Anthology,Paula Geyh,144,September 1997
Bronx Accent: A Literary and Pictorial History of the Borough,Lloyd Ultan,145,March 2006
Native American Songs and Poems: An Anthology,Brian Swann,146,September 1996
The Best American Sports Writing 2008,William Nack,147,October 2008
The Lost Algonquin Round Table,Nat Benchley,148,July 2009
Thom Pain (based on nothing),Will Eno,149,November 2005
Death Blossoms: Reflections from a Prisoner of Conscience,Mumia Abu-Jamal,150,July 2003
"B. O. O. B. S.: A Bunch of Outrageous Breast-Cancer Survivors Tell Their Stories of Courage, Hope and Healing",Ann Kempner Fisher,151,January 2006
Becoming Americans: Four Centuries of Immigrant Writing,Ilan Stavans,152,October 2009
Dream Me Home Safely: Writers on Growing Up in America,Susan Richards Shreve,153,October 2003
The Best American Short Stories 2005,Michael Chabon,154,October 2005
The Stuffed Owl: An Anthology of Bad Verse,D.B. Wyndham Lewis,155,March 2003
"The American Tradition in Literature, Volume 2 (book alone)",George Perkins,156,October 2008
American Working-Class Literature: An Anthology,Nicholas Coles,157,August 2006
The Butterfly's Way: Voices from the Haitian Dyaspora in the United States,Edwidge Danticat,158,July 2003
Bedford Anthology of American Literature: Volume Two: 1865 to Present,Susan Belasco,159,February 2008
"Titanica: The Disaster of the Century in Poetry, Song and Prose",Steven Biel,160,September 1998
The Unswept Path: Contemporary American Haiku,John Brandi,161,September 2005
"The Vietnam War in American Stories, Songs, and Poems",H. Bruce Franklin,162,August 1995
The Best American Essays 2008,Adam Gopnik,163,October 2008
The Best American Poetry 2008,Charles Wright,164,September 2008
Poems from the Women's Movement,Honor Moore,165,April 2009
Listening for God: Contemporary Literature And The Life Of Faith: Volume 2,Paula J. Carlson,166,January 1998
The Norton Anthology of African American Literature,Henry Louis Gates Jr.,167,November 1996
The Best American Sports Writing 2008,William Nack,168,October 2008
New Orleans Stories: Great Writers on the City,John Miller,169,June 2004
Sporting Lives: Metaphor and Myth in American Sports,James W. Pipkin,170,February 2008
"American Literature, Volume II (Penguin Academics Series)",William E. Cain,171,December 2003
After Frost: Anthol Poetry From N E,Henry Lyman,172,September 1996
"To The Shore Once More, Volume II: A Journey Down The Jersey Shore; Prose, Poetry, And Works Of Art",Frank Finale,173,May 2001
Winter Song: Christmas Readings,Madeleine L'Engle,174,October 2004
Rag and Bone Shop of the Heart: A Poetry Anthology,Robert Bly,175,August 1993
Oxford Book of American Poetry,David Lehman,176,March 2006
The Portable Jack Kerouac,Jack Kerouac,177,August 2007
Boricuas: Influential Puerto Rican Writings--- An Anthology,Roberto Santiago,178,September 1995
Coming of Age in the 21st Century,Mary Frosch,179,October 2008
Empire City: New York Through the Centuries,Kenneth T. Jackson,180,August 2005
Erotique Noire: Black Erotica,Miriam Decosta-Willis,181,August 1992
Short Story Masterpieces,Robert Penn Warren,182,March 1954
The Best American Short Plays 2006-2007,Barbara Parisi,183,May 2010
Black on White: Black Writers on What It Means to Be White,David R. Roediger,184,January 1999
In a Narrow Grave: Essays on Texas,Larry McMurtry,185,July 2001
Queer 13: Lesbian and Gay Writers Recall Seventh Grade,Clifford Chase,186,September 1999
Hokum: An Anthology of African-American Humor,Paul Beatty,187,January 2006
Voices in Our Blood: America's Best on the Civil Rights Movement,Jon Meacham,188,January 2003
The Complete Works of Kate Chopin,Kate Chopin,189,May 2006
Literature and the Environment: A Reader on Nature and Culture,Lorraine Anderson,190,August 1998
"The Heath Anthology of American Literature, Concise Edition",Paul Lauter,191,May 2003
Early American Writing,Various,192,February 1994
Soulscript: A Collection of Classic African American Poetry,June Jordan,193,November 2004
"The Norton Anthology of Literature by Women: The Traditions in English, Vol. 1",Sandra M. Gilbert,194,February 2007
Out of Her Mind: Women Writing on Madness,Rebecca Shannonhouse,195,February 2003
"The Wadsworth Themes American Literature Series, 1945-Present, Theme 18: Class Conflicts and the American Dream",Jay Parini,196,July 2008
Concise Anthology of American Literature,George McMichael,197,December 2005
Written by Herself: Autobiographies of American Women,Jill Ker Conway,198,November 1992
Asian American Studies Now: A Critical Reader,Jean Yu-wen Shen Wu,199,April 2010
Growing Up in the South: An Anthology of Modern Southern Literature,Suzanne Jones,200,January 2003
American Protest Literature,Zoe Trodd,201,April 2008
The Vietnam Reader: The Definitive Collection of American Fiction and Nonfiction on the War,Stewart O'Nan,202,October 1998
Reinventing the Enemy's Language: Contemporary Native Women's Writings of North America,Gloria Bird,203,September 1998
The Norton Anthology of American Literature: Volume E: 1945 to the Present,Jerome Klinkowitz,204,April 2007
"Living Literature: An Introduction to Fiction, Poetry, Drama",John Brereton,205,January 2007
"Women of the Beat Generation: The Writers, Artists and Muses at the Heart of a Revolution",Brenda Knight,206,October 1998
La Llorona on the Longfellow Bridge: Poetry Y Otras Movidas,Alicia Gaspar De Alba,207,January 2003
"To the Shore Once More: A Portrait Of The Jersey Shore; Prose, Poetry, and Works of Art",Frank Finale,208,July 1999
Witnessing Lynching: American Writers Respond,Anne P. Rice,209,October 2003
Longman Anthology of Women's Literature,Mary K. DeShazer,210,December 2000
Elements of Evolutionary Genetics,Brian Charlesworth,211,January 2010
The Best American Short Stories 2001,Barbara Kingsolver,212,October 2001
The Classic Hundred Poems: All-Time Favorites,William Harmon,213,March 1998
The Best American Nonrequired Reading 2007,Dave Eggers,214,October 2007
The Best New Playwrights 2009,Lawrence Harbison,215,December 2009
The Vintage Book of African American Poetry,Michael S. Harper,216,February 2000
Crossing the Danger Water: Three Hundred Years of African-American Writing,Deirdre Mullane,217,September 1993
2007: The Best Ten-Minute Plays for Two Actors,Lawrence Harbison,218,April 2008
The Hudson River Valley Reader,Edward C. Goodman,219,March 2009
Three Centuries of American Poetry,Allen Mandelbaum,220,March 1999
Down Time: Great Writers on Diving,Ed Kittrell,221,April 2001
Blues Poems (Everyman's Library Pocket Poets),Kevin Young,222,September 2003
Age Ain't Nothing But a Number: Black Women Explore Midlife,Carleen Brice,223,May 2003
Literary Nevada: Writings from the Silver State,Cheryll Glotfelty,224,August 2008
Nickel and Dimed,Joan Holden,225,November 2005
The Haves and Have Nots: 30 Stories about Money and Class in America,Barbara H. Solomon,226,October 1999
The Best American Short Plays 2003-2004,Glenn Young,227,September 2006
Latino Boom: An Anthology of U. S. Latino Literature,John Christie,228,July 2005
Up All Night: Adventures in Lesbian Sex,Stacy Bias,229,January 2004
Anthology of Modern American Poetry,Cary Nelson,230,January 2000
"A Patriot'S Handbook: Songs, Poems, Stories, And Speeches Celebrating The Land We Love",Caroline Kennedy,231,May 2003
Uncle Remus: His Songs and His Sayings,Joel Chandler Harris,232,September 1995
The Heath Anthology of American Literature: Volume B: Early Nineteenth Century (1800-1865),Paul Lauter,233,December 2004
Immigrant Women,Maxine Schwartz Seller,234,July 1994
The American Aeneas: Classical Origins of the American Self,John C. Shields,235,October 2001
"Love, Castro Street: Reflections of San Francisco",Katherine V. Forrest,236,May 2007
"The Women's Project and Productions: The Best One-Act Plays, 1975-1999",Julia Miles,237,June 2002
Feeling Italian: The Art of Ethnicity in America,Thomas Ferraro,238,May 2005
"Pamphlets of Protest: An Anthology of Early African American Protest Literature, 1790-1860",Richard G. Newman,239,October 2000
A Whole Other Ball Game: Women's Literature on Women's Sport,Joli Sandoz,240,September 1997
A Companion to African American Literature,Gene A. Jarrett,241,May 2010
Conversations with Mexican American Writers: Languages and Literatures in the Borderlands,Elisabeth Mermann-Jozwiak,242,May 2009
The Palm of My Heart: Poetry by African American Children,Davida Adedjouma,243,May 2003
"Women and Children of the Mills: An Annotated Guide to Nineteenth-Century American Textile Factory Literature, Vol. 28",Judith Ranta,244,July 1999
Rising Voices,Arlene Hirschfelder,245,July 1993
Brotherman: The Odyssey of Black Men in America--an Anthology,Robert Allen,246,January 1996
Literary Journalism: A New Collection of the Best American Nonfiction,Mark Kramer,247,May 1995
Americans in Paris: A Literary Anthology,Adam Gopnik,248,March 2004
Uncle Remus: His Songs and His Sayings,Joel Chandler Harris,249,September 1982
Running a Thousand Miles for Freedom: The Escape of William and Ellen Craft from Slavery,Craft,250,April 1999
If I Had My Life to Live Over,Sandra Martz,251,January 2010
Postmodern American Poetry: A Norton Anthology,Paul Hoover,252,May 1994
Sisters of the Earth: Women's Prose and Poetry About Nature,Lorraine Anderson,253,December 2003
The Lincoln Anthology: Great Writers on His Life and Legacy from 1860 to Now,Harold Holzer,254,December 2008
"Halloween Reader: Poems, Stories, and Plays from Halloweens Past",Lesley Pratt Bannatyne,255,August 2004
"American Literature (Penguin Academics Series), Vol. 1",William E. Cain,256,February 2004
Modernism: An Anthology,Lawrence Rainey,257,January 2005
The New Anthology of American Poetry: Volume II: Modernisms: 1900-1950,Steven Gould Axelrod,258,February 2005
Infinite Divisions: An Anthology of Chicana Literature,Tey Diana Rebolledo,259,June 1993
A Hallowe'en Anthology: Literary and Historical Writings over the Centuries,Lisa Morton,260,January 2008
Sticks and Stones and Other Student Essays,Ruthe Thompson,261,July 2010
Women's Worlds: The Mcgraw-Hill Anthology of Women's Writing,Robyn Warhol-Down,262,December 2007
New York Stories: The Best Writing from Four Decades of New York Magazine,Steve Fishman,263,September 2008
The Columbia Anthology of American Poetry,Jay Parini,264,July 1995
New Playwrights: The Best Plays of 2008,Lawrence Harbison,265,February 2009
The Jazz Poetry Anthology,Sascha Feinstein,266,June 1991
New Playwrights: The Best Plays of 2006,D. L. Lepidus,267,January 2007
The Last Best Place: A Montana Anthology,William Kittredge,268,June 2003
A Place Apart: A Cape Cod Reader,Robert Finch,269,June 2009
Prison Writings in 20th-Century America,H. Bruce Franklin,270,June 1998
The Color of Gratitude: And Other Spiritual Surprises,Robert Morneau,271,September 2009
I Thought My Father Was God: And Other True Tales from NPR's National Story Project,Paul Auster,272,September 2005
Growing up Poor: A Literary Anthology,Robert Coles,273,June 2002
"Drinking, Smoking and Screwing: Great Writers on Good Times",Sara Nickles,274,August 1994
Literature and Science in the Nineteenth Century: An Anthology,Laura Otis,275,August 2009
"Show &amp; Tell: Writers on Writing, Sixth Edition",Dept of Creative Writing,276,August 2009
Mother California: A Story of Redemption Behind Bars,Kenneth E. Hartman,277,November 2009
"Richard Wright: Later Works (Black Boy, American Hunger, The Outsider)",Richard Wright,278,October 1991
Double-Take: A Revisionist Harlem Renaissance Anthology,Venetria Patton,279,December 2001
Hispanic-American Literature: A Brief Introduction and Anthology,Nicolas Kanellos,280,January 1997
Nineteenth-Century American Poetry,Various,281,October 1996
The Beat Book: Writings from the Beat Generation,Anne Waldman,282,July 2007
Beat Poets,Carmela Ciuraru,283,July 2002
Brooklyn Was Mine,Chris Knutsen,284,January 2008
New Playwrights: The Best Plays of 2007,Lawrence Harbison,285,July 2008
The Best American Erotic Poems: From 1800 to the Present,David Lehman,286,February 2008
The Best of the West: An Anthology of Classic Writing from the American West,Tony Hillerman,287,September 1992
Atop an Underwood: Early Stories and Other Writings,Jack Kerouac,288,November 2000
"The African American Experience: Black History and Culture Through Speeches, Letters, Editorials, Poems, Songs, and Stories",Kai Wright,289,January 2009
Best New Poets: 50 Poems from Emerging Writers,Kim Addonizio,290,November 2009
Inherit the Atchafalaya,Greg Guirard,291,July 2007
The Best American Poetry 2007,Heather McHugh,292,September 2007
The Best American Poetry 2006,Billy Collins,293,September 2006
Tales for Little Rebels: A Collection of Radical Children's Literature,Philip Nel,294,March 2010
Great American Prose Poems,David Lehman,295,March 2003
"The Literature of California, Volume 1: Native American Beginnings to 1945",Jack Hicks,296,December 2000
American Food Writing: An Anthology with Classic Recipes,Molly O'Neill,297,April 2007
Essential Saroyan,William Saroyan,298,April 2005
No Walls of Stone: An Anthology of Literature by Deaf and Hard of Hearing Writers,Jill Jepson,299,January 2002
"Pioneers of the Black Atlantic: Five Slave Narratives from the Enlightenment, 1772-1815",Henry Louis Gates Jr.,300,November 1998
Riding Low on Streets of Gold,Judith Ortiz Cofer,301,November 2003
Fire and Ink: An Anthology of Social Action Writing,Frances Payne Adler,302,October 2009
"New York Nocturne: The City After Dark in Literature, Painting, and Photography, 1850-1950",William Chapman Sharpe,303,October 2008
Poets of World War II,Various,304,July 2002
Voices from the Harlem Renaissance,Nathan Irvin Huggins,305,January 1995
A Loving Voice II: A Caregiver's Book of More Read-Aloud Stories for the Elderly,Carolyn Banks,306,July 1994
Running a Thousand Miles for Freedom: The Escape of William and Ellen Craft from Slavery,William Craft,307,February 1999
Motherland: Writings by Irish American Women about Mothers and Daughters,Caledonia Kearns,308,April 2000
The Lowell Offering: Writings by New England Mill Women (1840-1845),Benita Eisler,309,December 1997
The Best American Poetry 2010,Amy Gerstler,310,September 2010
Inside Out/Outside In: Exploring American Literature,Victoria Holder,311,July 2005
Glencoe Literature: American Literature: The Reader's Choice,Jeffrey D. Wilhelm,312,January 2006
Transcendentalism: A Reader,Joel Myerson,313,December 2000
The Best American Short Stories 2002,Sue Miller,314,October 2002
A Loving Voice: A Caregiver's Book of Read-Aloud Stories for the Elderly,Carolyn Banks,315,January 1992
Hispanic Caribbean Literature of Migration: Narratives of Displacement,Vanessa Y. P&#233;rez Rosario,316,June 2010
American Political Plays after 9/11,Allan Havis,317,June 2010
"Best Plays of the Early American Theatre, 1787-1911",John Gassner,318,June 2000
"Glances Backward: An Anthology of American Homosexual Writing, 1830-1920",James J. Gifford,319,September 2006
"American Poetry: The Nineteenth Century (Melville to Stickney, American Indian Poetry, Folk Songs and Spirituals) (Library of America), Vol. 2",Various,320,September 1993
Deaf Way II Anthology: A Literary Collection of Deaf and Hard of Hearing Writers,Tonya M. Stremlau,321,June 2002
American Short Story and Its Writer: An Anthology,Ann Charters,322,August 1999
Orpheus and Company: Contemporary Poems on Greek Mythology,Deborah De Nicola,323,April 1999
Poems That Live Forever,Hazel Felleman,324,June 1965
The Best American Nonrequired Reading 2008,Dave Eggers,325,October 2008
American Negro Poetry,Arna Bontemps,326,December 1995
Paradise Road: Jack Kerouac's Lost Highway and My Search for America,Jay Atkinson,327,March 2010
The Black Woman: An Anthology,Toni Cade Bambara,328,March 2005
Thom Pain (based on nothing),Will Eno,329,April 2005
American Fantastic Tales: Terror and the Uncanny from Poe to the Pulps,Peter Straub,330,October 2009
100 Poems by 100 Poets,Harold Pinter,331,January 1994
"Chocolate Thoughts: Short Stories, Essays and Poetry from the Hearts and Minds of Real Black Men",S. James Guitard,332,May 2006
Oxford Anthology of African American Poetry,Arnold Rampersad,333,October 2005
"Freedom in This Village: Twenty-Five Years of Black Gay Men's Writing, 1979 to the Present",E. Lynn Harris,334,September 2004
Bandana Republic: A Literary Anthology by Gang Members and Their Affliliates,Louis Reyes Rivera,335,May 2008
The Civil Rights Reader: American Literature from Jim Crow to Reconciliation,Julie Buckner Armstrong,336,January 2009
American Sonnets: An Anthology,David Bromwich,337,October 2007
Voices in First Person: Reflections on Latino Identity,Lori Marie Carlson,338,August 2008
Montana Women Writers: A Geography of the Heart,Farcountry Press,339,October 2006
81 Famous Poems,Alexander Scourby,340,August 1993
Califauna: A Literary Field Guide,Terry Beers,341,April 2007
Thousand and One Afternoons in Chicago,Ben Hecht,342,June 2009
Philadelphia Stories: America's Literature of Race and Freedom,Samuel Otter,343,April 2010
"Voices of Black America: Historical Recordings of Poetry, Humor and Drama, 1908-1947",Washington,344,February 2002
The Wind Shifts: New Latino Poetry,Francisco Arag&#243;n,345,April 2007
Slamma Lamma Ding Dong: An Anthology by Nebraska's Slam Poets,J. M. Huscher,346,July 2005
Shadowed Dreams: Women's Poetry of the Harlem Renaissance,Maureen Honey,347,October 2006
"Appalachia Inside Out: Conflict and Change, Vol. 1",Robert J. Higgs,348,March 1995
Writing Los Angeles: A Literary Anthology,David L. Ulin,349,September 2002
On Grandma's Porch: Stories and True Facts about Growing up Southern in the Good Old Days,Sandra Chastain,350,June 2007
Tuscany in Mind,Alice Leccese Powers,351,May 2005
Don't Squat With Yer Spurs On!: A Cowboy's Guide to Life,Texas Bix Bender,352,October 2000
Love and Marriage in Early African America,Frances Smith Foster,353,December 2007
"Twenty One-Acts from the Twenty Years at the Humana Festival, 1975-1995",Michele Volansky,354,December 1995
American Austen: The Forgotten Writing of Agnes Repplier,Agnes Repplier,355,May 2009
American Gothic: An Anthology 1787-1916 (Blackwell Anthologies Series),Crow,356,June 1999
The Best American Poetry 2009,David Wagoner,357,September 2009
Bold Words: A Century of Asian American Writing,Rajini Srikanth,358,January 2001
Another Way to Dance: Contemporqary Asian Poetry from Canada and the United States,Cyril Dabydeen,359,January 1996
The Best American Poetry 2003,Yusef Komunyakaa,360,August 2003
Plays and Playwrights 2002,Martin Denton,361,January 2002
"Why Freedom Matters: The Spirit of the Declaration of Independence in Prose, Poetry, and Song from 1776 to the Present",Daniel Katz,362,September 2003
The Best American Short Plays 2006-2007,Barbara Parisi,363,June 2010
Forced Passages: Imprisoned Radical Intellectuals and the U.S. Prison Regime,Dylan Rodriguez,364,January 2006
Selected Works,Ralph Waldo Emerson,365,April 2002
Getting Home Alive,Aurora Levins Morales,366,December 1986
Twentieth-Century American Poetry,Dana Gioia,367,December 2003
Plays and Playwrights 2009,Martin Denton,368,February 2009
Through the Eye of the Deer: An Anthology of Native American Women Writers,Carolyn Dunn,369,September 1999
Asian American Studies: A Reader,Jean Yu-wen Shen Wu,370,May 2000
Latinos in Lotusland: An Anthology of Contemporary Southern California Literature,Daniel A. Olivas,371,April 2008
Daughters Of Decadence,Elaine Showalter,372,August 1993
"American Tradition in Literature : With American Ariel, Vol. 2",George Perkins,373,October 2006
Best American Nonrequired Reading 2005,Dave Eggers,374,October 2005
Sister Nations: Native American Women Writing on Community,Heid E. Erdrich,375,March 2002
Asian-American Literature: A Brief Introduction and Anthology,Shawn Wong,376,January 1997
Black Silk: A Collection of African-American Erotica,Retha Powers,377,February 2002
The Best Plays Theater Yearbook 2007-2008,Jeffrey Eric Jenkins,378,October 2009
"Damage Control: Women on the Therapists, Beauticians, and Trainers Who Navigate Their Bodies",Emma Forrest,379,June 2007
The Prentice Hall Anthology of Latino Literature,Eduardo del Rio,380,August 1901
The Norton Book of American Autobiography,Jay Parini,381,March 1999
New Playwrights: The Best Plays of 2000,D. L. Lepidus,382,January 2003
Xerophilia: Ecocritical Explorations in Southwestern Literature,Tom Lynch,383,December 2008
"The New Anthology of American Poetry: Volume I: Traditions and Revolutions, Beginnings to 1900",Steven Gould Axelrod,384,March 2003
Contemporary U. S. Latino a Literary Criticism,Lyn Di Iorio Sandin,385,October 2007
Brother to Brother: New Writings by Black Gay Men,Essex Hemphill,386,December 2007
"The New World Border: Prophecies, Poems, and Loqueras for the End of the Century",Guillermo Gomez-Pena,387,January 2001
"Literatura Chicana, 1965-1995: An Anthology in Spanish, English, and Calo, Vol. 191",Garland,388,March 1997
So Fey,Steve Berman,389,June 2009
"Imagined Transnationalism: U. S. Latino/A Literature, Culture, and Identity",Kevin Concannon,390,November 2009
Literature and Aging: An Anthology,Martin Kohn,391,February 1993
Salaam. Peace: An Anthology of Middle Eastern-American Drama,Holly Hill,392,January 2010
Plays and Playwrights 2008,Robert Attweiler,393,February 2008
Call and Response: The Riverside Anthology of the African American Literary Tradition CD,Patricia Liggins Hill,394,January 1998
U.S. Latino Literature Today,Gabriela Baeza Ventura,395,August 2004
Death Defying Acts,Woody Allen,396,January 1996
American Studies Anthology,Richard P. Horwitz,397,August 2001
Women Heroes: Six Short Plays from the Women's Project,Julia Miles,398,January 1987
Queer Beats: How the Beats Turned America On to Sex,Regina Marler,399,June 2004
Message to Aztlan: Selected Readings,Rodolfo Gonzales,400,January 2001
The New England Transcendentalists: Life of the Mind and of the Spirit (Perspectives on History Series),Ellen Hansen,401,December 2006
Literature of the American South: A Norton Anthology,William L. Andrews,402,October 1997
The American Puritans: Their Prose and Poetry,Perry Miller,403,May 1982
"Richard Wright: Early Works (Lawd Today!, Uncle Tom's Children, Native Son)",Richard Wright,404,October 1991
The Heath Anthology of American Literature: Volume E: Contemporary Period (1945 to the Present),Paul Lauter,405,January 2005
Best American Magazine Writing 2004,American Society Of Magazine Editors,406,September 2004
Writing Off the Hyphen: New Perspectives on the Literature of the Puerto Rican Diaspora,Jose L. Torres-Padilla,407,April 2008
Ethnic Modernism,Werner Sollors,408,November 2008
Recollections of the Early Republic: Selected Autobiographies,Joyce Appleby,409,January 1997
The Best American Magazine Writing,Clay Felker,410,December 2000
"Blacklegs, Card Sharps, and Confidence Men",Thomas Ruys Smith,411,May 2010
Modern American Prose: Fifteen Writers + 15,John Clifford,412,January 1993
A Beginner's Guide to Critical Reading: An Anthology of Literary Texts,Richard Jacobs,413,April 2001
For a Living: The Poetry of Work,Nicholas Coles,414,March 1995
What's Nature Worth?: Narrative Expressions of Environmental Values,Terre Satterfield,415,March 2004
New Playwrights: The Best Plays of 2001,D. L. Lepidus,416,July 2003
New Playwrights: The Best Plays of 2004,D. L. Lepidus,417,May 2005
More New York Stories: The Best of the City Section of The New York Times,Constance Rosenblum,418,November 2010
Latina,Lillian Castillo-speed,419,August 1995
Word Virus,William S. Burroughs,420,June 2000
American Fantastic Tales: Terror and the Uncanny from the 1940s to Now,Peter Straub,421,October 2009
Christmas in Minnesota,Marilyn Ziebarth,422,November 2005
"Iowa, the Definitive Collection: Classic and Contemporary Readings by Iowans, for Iowans",Zachary Michael Jack,423,June 2009
"Friction, Volume 7: Best Gay Erotic Fiction",Jesse Grant,424,February 2004
A Kentucky Christmas,George Ella Lyon,425,October 2003
The Little Big Book of California,Natasha Tabori Fried,426,April 2005
New Playwrights: The Best Plays of 2005,D. L. Lepidus,427,May 2006
Tenderheaded: A Comb-Bending Collection of Hair Stories,Juliette Harris,428,January 2002
The Classic Hundred Poems: All-Time Favorites,William Harmon,429,December 2007
The Best of Bamboo Ridge,Eric Chock,430,July 1986
Inlandia,Gayle Wattawa,431,October 2006
Literary Savannah,Patrick Allen,432,July 2006
"New Oxford Book of American Verse, Vol. 1",Richard Ellmann,433,October 1976
Caroling Dusk,Countee Cullen,434,January 1993
Literary Fort Worth,Judy Alter,435,May 2002
A River Through Illinois,Daniel V. Overturf,436,April 2008
"Don't Squat With Yer Spurs On! II, Vol. 2",Texas Bix Bender,437,September 1997
The Maine Reader: The Down East Experience from 1614 to the Present,Charles Shain,438,January 1997
Florida Frenzy,Harry E. Crews,439,June 1982
Starting Today: 100 Poems for Obama's First 100 Days,Rachel Zucker,440,April 2010
Chattooga: Descending into the Myth of Deliverance River,John Lane,441,September 2005
All Things Censored [With CD],Mumia Abu-Jamal,442,July 2003
Listen Here: Women Writing in Appalachia,Sandra L. Ballard,443,August 2004
The Flu Season and Other Plays,Will Eno,444,December 2006
Solomon Northup's Twelve Years a Slave: And Plantation Life in the Antebellum South,Solomon Northup,445,January 2007
Bamboo among the Oaks: Contemporary Writing by Hmong Americans,Mai Neng Moua,446,October 2002
Poets of the Civil War,J. D. McClatchy,447,April 2005
The Book of American Negro Poetry,James Weldon Johnson,448,October 1969
"Slave Narratives: James Albert Ukawsaw Gronniosaw, Olaudah Equiano, Nat Turner, Frederick Douglass, William Wells Brown, Henry Bibb, Sojourner Truth, William and Ellen Craft, Harriet A. Jacobs, Jacob D. Green (Library of America)",William L. Andrews,449,January 2000
Denali: A Literary Anthology,Bill Sherwonit,450,October 2000
The Best American Poetry 2005,Paul Muldoon,451,September 2005
"Who's to Say What's Obscene?: Politics, Culture, and Comedy in America Today",Paul Krassner,452,July 2009
Impossible Princess,Kevin Killian,453,November 2009
This Bridge We Call Home: Radical Visions for Transformation,Gloria E. Anzaldua,454,September 2002
Our Own Stories: Readings for Cross-Cultural Communication,Norine Dresser,455,August 1995
Sky Begins at Your Feet,Caryn Mirriam-Goldberg,456,September 2009
Hot Biscuits: Eighteen Stories by Women and Men of the Ranching West,Max Evans,457,July 2002
Santa Fe Nativa: A Collection of Nuevomexicano Writing,Rosalie C. Otero,458,November 2009
Literary Austin,Don Graham,459,April 2007
The Best American Short Plays 2004-2005,Barbara Parisi,460,August 2008
En Otra Voz: Antolog&#237;a de Literatura Hispana de los Estados Unidos,Nicolas Kanellos,461,August 2002
Common Wealth,Marjorie Maddox,462,October 2005
American Satire,Nicholas Bakalar,463,April 1997
"Appalachia inside Out, Vol. 2",Robert J. Higgs,464,November 1995
New Stories from the Southwest,D. Seth Horton,465,December 2007
Writing New England: An Anthology from the Puritans to the Present,Andrew Delbanco,466,October 2001
Crazy Woman Creek: Women Rewrite the American West,Nancy Curtis,467,May 2004
Circle of Women: An Anthology of Contemporary Western Women Writers,Kim Barnes,468,November 2001
The Portable Western Reader,Various,469,July 1997
African-American Literature: A Brief Introduction and Anthology,Al Young,470,January 1997
El Coro,Martin Espada,471,December 1997
"Off Off Broadway Festival Plays, 34th Series",Various,472,February 2010
American Wits: An Anthology of Light Verse,VARIOUS,473,October 2003
Out on the Porch: An Evocation in Words and Pictures,Reynolds Price,474,January 1992
30 Satires,Lewis H. Lapham,475,April 2005
Literary Mama: Reading for the Maternally Inclined,Andrea J. Buchanan,476,January 2006
"In So Many More Words: Arguments and Adventures, Second Edition",Robert Schmuhl,477,September 2010
Georgia Cowboy Poets,David Fillingim,478,March 2010
Decolonial Voices: Chicana and Chicano Cultural Studies in the 21st Century,Arturo J. Aldama,479,March 2002
More Mirth of a Nation: The Best Contemporary Humor,Michael J. Rosen,480,November 2002
New Playwrights: The Best Plays of 2003,D. L. Lepidus,481,November 2005
American Reader,Kathy-jo Wargin,482,September 2006
Every Shut Eye Ain't Asleep; An Anthology of Poetry by African Americans since 1945,Michael S. Harper,483,February 1994
Moment's Notice: Jazz in Poetry and Prose,Art Lange,484,July 1992
Literary Nashville,Patrick Allen,485,November 1999
Screaming Monkeys: Critiques of Asian American Images,M. Evelina Galang,486,July 2003
Imagination And Spirit,J. Brent Bill,487,February 2006
"Writings: The Autobiography of an Ex-Colored Man, Along This Way, Essays and Editorials, Selected Poems",James Weldon Johnson,488,January 2004
Quixotic Fictions of the USA 1792-1815,Sarah Florence Wood,489,January 2006
"Roots of African American Drama: An Anthology of Early Plays, 1858-1938",Leo Hamalian,490,December 1992
The Floating Borderlands: Twenty-Five Years of U.S. Hispanic Literature,Lauro Flores,491,December 1998
Classic Plays from the Negro Ensemble Company,Paul Carter Harrison,492,October 1995
Mississippi Writers: An Anthology,Dorothy Abbott,493,June 1991
Bombshells: War Stories and Poems by Women on the Homefront,Missy Martin,494,January 2007
At Home on the Earth: Becoming Native to Our Place,David Landis Barnhill,495,August 1999
Wines in the Wilderness: Plays by African American Women from the Harlem Renaissance to the Present,Elizabeth Brown-Guillory,496,August 1990
Stand Up Poetry: An Expanded Anthology,Charles Harper Webb,497,January 2002
First Thought Best Thought,Allen Ginsberg,498,August 2004
For She Is the Tree of Life: Grandmothers Through the Eyes of Women Writers,Valerie Kack-Brice,499,May 1996
White Lines: Writers on Cocaine,Geno Zanetti,500,December 2002